{
  "trainName": "omi220",
  "trainType": "EC",

  "trainModel2": {
      "modelFile": "ModelTrain_o220.mqo",
      "textures": [
          ["mat1", "textures/train/o220/o220.png", "AlphaBlend"],
          ["mat2", "textures/train/o220/o220_m2.png", "Light"],
          ["mat3", "textures/train/o220/o220_m3.png", ""]
      ]
  },
  "bogieModel2": {
      "modelFile": "ModelBogie.class",
      "textures": [["default", "textures/train/bogie.png"]]
  },

  "buttonTexture": "textures/train/o220/button_o220.png",
  "rollsignTexture": "textures/train/o220/o220_m3.png",
  "rollsignNames": ["kibukawa", "youkaichi", "hachiman", "takamiya", "taka_taga", "hikone", "maibara", "n",
    "n", "n", "None", "None", "None", "None", "None", "kaisou"],
  "rollsigns": [
    {
      "uv": [0.0, 0.125, 0.0, 1.0],
      "pos": [
        [[0.4, 2.95, 9.32], [0.4, 2.5, 9.32], [-0.4, 2.5, 9.32], [-0.4, 2.95, 9.32]],
        [[-0.4, 2.95, -9.32], [-0.4, 2.5, -9.32], [0.4, 2.5, -9.32], [0.4, 2.95, -9.32]]
      ],
      "doAnimation": true
    }
  ],

  "door_left": [
      {
          "objects": ["door_LF"],
          "pos": [0.0, 0.0, 0.0],
          "transform": [
              [0.0, 0.0, 0.72]
          ],
          "childParts": []
      },
      {
          "objects": ["door_LB"],
          "pos": [0.0, 0.0, 0.0],
          "transform": [
              [0.0, 0.0, -0.72]
          ],
          "childParts": []
      }
  ],

  "door_right": [
      {
          "objects": ["door_RF"],
          "pos": [0.0, 0.0, 0.0],
          "transform": [
              [0.0, 0.0, 0.72]
          ],
          "childParts": []
      },
      {
          "objects": ["door_RB"],
          "pos": [0.0, 0.0, 0.0],
          "transform": [
              [0.0, 0.0, -0.72]
          ],
          "childParts": []
      }
  ],

  "pantograph_front": [
      {
          "objects": ["panto_unf"],
          "pos": [0.0, 3.14, 7.13],
          "transform": [
              [36.0, 1.0, 0.0, 0.0]
          ],
          "childParts": [
              {
                  "objects": ["panto_upf"],
                  "pos": [0.0, 3.966, 8.13],
                  "transform": [
                      [-60.0, 1.0, 0.0, 0.0]
                  ],
                  "childParts": [
                      {
                          "objects": ["panto_up"],
                          "pos": [0.0, 5.01, 6.435],
                          "transform": [
                              [24.0, 1.0, 0.0, 0.0]
                          ],
                          "childParts": []
                      }
                  ]
              }
          ]
      },
      {
          "objects": ["panto_unb"],
          "pos": [0.0, 3.14, 5.67],
          "transform": [
              [-36.0, 1.0, 0.0, 0.0]
          ],
          "childParts": [
              {
                  "objects": ["panto_upb"],
                  "pos": [0.0, 3.966, 4.67],
                  "transform": [
                      [60.0, 1.0, 0.0, 0.0]
                  ],
                  "childParts": []
              }
          ]
      }
  ],

  "sound_BrakeRelease": "train.o220_release",
  "sound_BrakeRelease2": "train.brakeR_w",
  "sound_DoorOpen": "train.door",
  "sound_DoorClose": "train.door",
  "sound_Horn": "train.rtm_wh_00l",
  "soundScriptPath": "scripts/sound_o220.js",

  "headLights": [
    {
      "type": 0,
      "color": 16773328,
      "pos": [0.85, 1.0, 9.5],
      "r": 0.75
    },
    {
      "type": 0,
      "color": 16773328,
      "pos": [-0.85, 1.0, 9.5],
      "r": 0.75
    },
    {
      "type": 1,
      "color": 16773328,
      "pos": [0.85, 1.0, 9.5],
      "r": 1.25
    },
    {
      "type": 1,
      "color": 16773328,
      "pos": [-0.85, 1.0, 9.5],
      "r": 1.25
    }
  ],

  "tailLights": [
    {
      "type": 0,
      "color": 16711760,
      "pos": [1.125, 1.0, 9.5],
      "r": 0.5
    },
    {
      "type": 0,
      "color": 16711760,
      "pos": [-1.125, 1.0, 9.5],
      "r": 0.5
    }
  ],

  "seatPos": [[12, 0, 88, 2], [12, 0, 72, 2], [12, 0, 56, 2], [12, 0, 40, 2], [12, 0, 24, 2],
            [12, 0, -80, 2], [12, 0, -64, 2], [12, 0, -48, 2], [12, 0, -32, 2], [12, 0, -16, 2],
            [-12, 0, 88, 2], [-12, 0, 72, 2], [-12, 0, 56, 2], [-12, 0, 40, 2], [-12, 0, 24, 2],
            [-12, 0, -80, 2], [-12, 0, -64, 2], [-12, 0, -48, 2], [-12, 0, -32, 2], [-12, 0, -16, 2]],
  "playerPos": [
    [0.8625, 0.1275, 8.3],
    [-0.8625, 0.1275, -8.3]
  ],
  "bogiePos": [
    [0.0, 0.0, 6.93],
    [0.0, 0.0, -6.93]
  ],
  "maxSpeed": [0.2, 0.4, 0.6, 0.8, 1.00],
  "trainDistance": 9.5,
  "isSingleTrain": true,
  "doCulling": true
}