{
  "signalName": "6color",
  "signalModel": "ModelSignal_6color.mqo",
  "signalTexture": "textures/signal/colorSignal.png",
	"lightTexture": "textures/signal/colorSignal_6c.png",
	"buttonTexture": "textures/signal/button_6c.png",
  "modelPartsFixture": {
  	"objects": ["pole", "body2"],
  	"pos": [0.0, 0.0, 0.0]
  },
  "modelPartsBody": {
  	"objects": ["body", "light1", "light2", "light3", "light4", "light5", "light6"],
  	"pos": [0.0, 0.0, 0.425]
  },
	"lights": [
		"S(1) I(0) P(light4)",
		"S(3) I(0) P(light2)",
		"S(4) I(0) P(light3 light6)",
		"S(5) I(0) P(light3)",
		"S(6) I(0) P(light1 light5)"
		],
	"rotateBody": true
}
